"","Length","Class","Mode"
"1","2","PlainTextDocument","list"
"2","2","PlainTextDocument","list"
"3","2","PlainTextDocument","list"
"4","2","PlainTextDocument","list"
"5","2","PlainTextDocument","list"
"6","2","PlainTextDocument","list"
"7","2","PlainTextDocument","list"
"8","2","PlainTextDocument","list"
"9","2","PlainTextDocument","list"
"10","2","PlainTextDocument","list"
"11","2","PlainTextDocument","list"
"12","2","PlainTextDocument","list"
"13","2","PlainTextDocument","list"
"14","2","PlainTextDocument","list"
"15","2","PlainTextDocument","list"
"16","2","PlainTextDocument","list"
"17","2","PlainTextDocument","list"
"18","2","PlainTextDocument","list"
"19","2","PlainTextDocument","list"
"20","2","PlainTextDocument","list"
"21","2","PlainTextDocument","list"
"22","2","PlainTextDocument","list"
"23","2","PlainTextDocument","list"
"24","2","PlainTextDocument","list"
"25","2","PlainTextDocument","list"
"26","2","PlainTextDocument","list"
"27","2","PlainTextDocument","list"
"28","2","PlainTextDocument","list"
"29","2","PlainTextDocument","list"
"30","2","PlainTextDocument","list"
"31","2","PlainTextDocument","list"
"32","2","PlainTextDocument","list"
"33","2","PlainTextDocument","list"
"34","2","PlainTextDocument","list"
"35","2","PlainTextDocument","list"
"36","2","PlainTextDocument","list"
"37","2","PlainTextDocument","list"
"38","2","PlainTextDocument","list"
"39","2","PlainTextDocument","list"
"40","2","PlainTextDocument","list"
"41","2","PlainTextDocument","list"
"42","2","PlainTextDocument","list"
"43","2","PlainTextDocument","list"
"44","2","PlainTextDocument","list"
"45","2","PlainTextDocument","list"
"46","2","PlainTextDocument","list"
"47","2","PlainTextDocument","list"
"48","2","PlainTextDocument","list"
"49","2","PlainTextDocument","list"
"50","2","PlainTextDocument","list"
"51","2","PlainTextDocument","list"
"52","2","PlainTextDocument","list"
"53","2","PlainTextDocument","list"
"54","2","PlainTextDocument","list"
"55","2","PlainTextDocument","list"
"56","2","PlainTextDocument","list"
"57","2","PlainTextDocument","list"
"58","2","PlainTextDocument","list"
"59","2","PlainTextDocument","list"
"60","2","PlainTextDocument","list"
"61","2","PlainTextDocument","list"
"62","2","PlainTextDocument","list"
"63","2","PlainTextDocument","list"
"64","2","PlainTextDocument","list"
"65","2","PlainTextDocument","list"
"66","2","PlainTextDocument","list"
"67","2","PlainTextDocument","list"
"68","2","PlainTextDocument","list"
"69","2","PlainTextDocument","list"
"70","2","PlainTextDocument","list"
"71","2","PlainTextDocument","list"
"72","2","PlainTextDocument","list"
"73","2","PlainTextDocument","list"
"74","2","PlainTextDocument","list"
"75","2","PlainTextDocument","list"
"76","2","PlainTextDocument","list"
"77","2","PlainTextDocument","list"
"78","2","PlainTextDocument","list"
"79","2","PlainTextDocument","list"
"80","2","PlainTextDocument","list"
"81","2","PlainTextDocument","list"
"82","2","PlainTextDocument","list"
"83","2","PlainTextDocument","list"
"84","2","PlainTextDocument","list"
"85","2","PlainTextDocument","list"
"86","2","PlainTextDocument","list"
"87","2","PlainTextDocument","list"
"88","2","PlainTextDocument","list"
"89","2","PlainTextDocument","list"
"90","2","PlainTextDocument","list"
"91","2","PlainTextDocument","list"
"92","2","PlainTextDocument","list"
"93","2","PlainTextDocument","list"
"94","2","PlainTextDocument","list"
"95","2","PlainTextDocument","list"
"96","2","PlainTextDocument","list"
"97","2","PlainTextDocument","list"
"98","2","PlainTextDocument","list"
"99","2","PlainTextDocument","list"
"100","2","PlainTextDocument","list"
"101","2","PlainTextDocument","list"
"102","2","PlainTextDocument","list"
"103","2","PlainTextDocument","list"
"104","2","PlainTextDocument","list"
"105","2","PlainTextDocument","list"
"106","2","PlainTextDocument","list"
"107","2","PlainTextDocument","list"
"108","2","PlainTextDocument","list"
"109","2","PlainTextDocument","list"
"110","2","PlainTextDocument","list"
"111","2","PlainTextDocument","list"
"112","2","PlainTextDocument","list"
"113","2","PlainTextDocument","list"
"114","2","PlainTextDocument","list"
"115","2","PlainTextDocument","list"
"116","2","PlainTextDocument","list"
"117","2","PlainTextDocument","list"
"118","2","PlainTextDocument","list"
"119","2","PlainTextDocument","list"
"120","2","PlainTextDocument","list"
"121","2","PlainTextDocument","list"
"122","2","PlainTextDocument","list"
"123","2","PlainTextDocument","list"
"124","2","PlainTextDocument","list"
"125","2","PlainTextDocument","list"
"126","2","PlainTextDocument","list"
"127","2","PlainTextDocument","list"
"128","2","PlainTextDocument","list"
"129","2","PlainTextDocument","list"
"130","2","PlainTextDocument","list"
"131","2","PlainTextDocument","list"
"132","2","PlainTextDocument","list"
"133","2","PlainTextDocument","list"
"134","2","PlainTextDocument","list"
"135","2","PlainTextDocument","list"
"136","2","PlainTextDocument","list"
"137","2","PlainTextDocument","list"
"138","2","PlainTextDocument","list"
"139","2","PlainTextDocument","list"
"140","2","PlainTextDocument","list"
"141","2","PlainTextDocument","list"
"142","2","PlainTextDocument","list"
"143","2","PlainTextDocument","list"
"144","2","PlainTextDocument","list"
"145","2","PlainTextDocument","list"
"146","2","PlainTextDocument","list"
"147","2","PlainTextDocument","list"
"148","2","PlainTextDocument","list"
"149","2","PlainTextDocument","list"
"150","2","PlainTextDocument","list"
"151","2","PlainTextDocument","list"
"152","2","PlainTextDocument","list"
"153","2","PlainTextDocument","list"
"154","2","PlainTextDocument","list"
"155","2","PlainTextDocument","list"
"156","2","PlainTextDocument","list"
"157","2","PlainTextDocument","list"
"158","2","PlainTextDocument","list"
"159","2","PlainTextDocument","list"
"160","2","PlainTextDocument","list"
"161","2","PlainTextDocument","list"
"162","2","PlainTextDocument","list"
"163","2","PlainTextDocument","list"
"164","2","PlainTextDocument","list"
"165","2","PlainTextDocument","list"
"166","2","PlainTextDocument","list"
"167","2","PlainTextDocument","list"
"168","2","PlainTextDocument","list"
